register_time,username,useridx,account_type,register_source,agent_id,register_area
1763524716,y640,10010,2,1,60003,China/Zhejiang-Wenzhou
1759728714,l885,10068,4,3,60007,China/Shanghai-Shanghai
1761455291,c427,10071,2,1,60010,China/Shanghai-Shanghai
1763914633,w415,10098,1,2,60015,China/Jiangsu-Suzhou
1761567147,n921,10193,3,1,60079,China/Sichuan-Chengdu
1763879450,d557,10309,2,1,60072,China/Guangdong-Shenzhen
1764722654,m813,10419,3,1,60079,China/Beijing-Beijing
1766353903,c590,10494,1,3,60021,China/Guangdong-Shenzhen
1761408750,o363,10576,2,1,60064,China/Sichuan-Chengdu
1763845779,y132,10679,2,1,60017,China/Zhejiang-Wenzhou
1763394506,u777,10748,2,1,60044,China/Shanghai-Shanghai
1762122838,s162,10850,2,1,60066,China/Beijing-Beijing
1765284922,d718,11046,3,1,60026,China/Sichuan-Chengdu
1761209284,h929,11178,2,2,60019,China/Beijing-Beijing
1762398128,r129,11229,2,1,60073,China/Beijing-Beijing
1765289656,c231,11345,2,1,60015,China/Jiangsu-Suzhou
1761146108,v880,11366,3,1,60047,China/Beijing-Beijing
1762508069,y553,11436,2,3,60067,China/Shanghai-Shanghai
1763651601,m411,11471,2,1,60047,China/Zhejiang-Wenzhou
1760493204,l873,11549,2,1,60024,China/Sichuan-Chengdu
1760490708,p492,11646,2,1,60006,China/Beijing-Beijing
1765053480,o979,11663,2,1,60072,China/Sichuan-Chengdu
1764307888,c874,11713,2,1,60035,China/Beijing-Beijing
1763026845,c834,11723,2,3,60050,China/Guangdong-Shenzhen
1765775802,q789,11818,2,1,60012,China/Zhejiang-Wenzhou
1763799382,a623,12113,2,1,60017,China/Jiangsu-Suzhou
1763194635,r241,12171,4,1,60020,China/Jiangsu-Suzhou
1764455383,d469,12207,2,1,60079,China/Sichuan-Chengdu
1761697685,l428,12273,2,1,60080,China/Shanghai-Shanghai
1763306360,b287,12291,1,1,60012,China/Beijing-Beijing
1765432506,b943,12396,2,1,60075,China/Zhejiang-Wenzhou
1762621080,j514,12445,2,3,53987,China/Jiangsu-Suzhou
1762028110,c497,12489,2,1,60025,China/Shanghai-Shanghai
1763058030,q669,12582,2,1,60025,China/Jiangsu-Suzhou
1763837449,d574,12587,2,1,60001,China/Sichuan-Chengdu
1762617418,v315,12603,2,1,60003,China/Sichuan-Chengdu
1764410827,s627,12734,2,1,60018,China/Zhejiang-Wenzhou
1762921456,y837,12801,2,1,60072,China/Shanghai-Shanghai
1761543686,v398,12861,2,1,60059,China/Guangdong-Shenzhen
1764483664,r312,12885,1,1,60039,China/Guangdong-Shenzhen
1762392597,q317,13140,4,1,60022,China/Shanghai-Shanghai
1759271425,u707,13180,2,1,60059,China/Shanghai-Shanghai
1762479635,k110,13262,2,3,53987,China/Shanghai-Shanghai
1761101489,v381,13310,2,4,60018,China/Jiangsu-Suzhou
1763045962,z790,13334,2,1,60014,China/Beijing-Beijing
1763831195,g109,13419,2,1,60025,China/Shanghai-Shanghai
1760661194,e783,13565,2,1,60008,China/Beijing-Beijing
1762652526,x410,13657,2,3,53987,China/Shanghai-Shanghai
1760857896,z759,13879,2,1,60001,China/Sichuan-Chengdu
1765312655,k651,13880,2,1,60006,China/Zhejiang-Wenzhou
1762767672,i318,13948,2,1,60076,China/Beijing-Beijing
1762475862,d820,14057,2,1,60024,China/Jiangsu-Suzhou
1762258771,r320,14158,2,1,0,China/Shanghai-Shanghai
1762466616,y255,14167,2,1,53987,China/Shanghai-Shanghai
1764486056,o713,14262,2,1,60021,China/Shanghai-Shanghai
1760113094,l168,14464,2,1,60048,China/Sichuan-Chengdu
1762400176,m840,14616,2,3,53987,China/Shanghai-Shanghai
1762901304,l757,14675,2,3,53987,China/Guangdong-Shenzhen
1760961338,c665,14677,2,1,60001,China/Shanghai-Shanghai
1762670886,w356,14714,2,1,60030,China/Sichuan-Chengdu
1764874444,r832,14742,1,4,60005,China/Guangdong-Shenzhen
1762230450,v635,14889,2,1,60043,China/Guangdong-Shenzhen
1763382464,y239,14910,4,1,60019,China/Sichuan-Chengdu
1764001726,u939,14987,2,1,60040,China/Beijing-Beijing
1762939735,q911,15047,2,1,60010,China/Guangdong-Shenzhen
1762248374,y935,15175,2,1,60001,China/Zhejiang-Wenzhou
1762406523,t102,15284,2,3,60072,China/Shanghai-Shanghai
1759309140,w739,15359,2,1,60016,China/Zhejiang-Wenzhou
1759605683,y346,15393,2,1,60025,China/Sichuan-Chengdu
1763890641,n323,15399,1,1,60050,China/Jiangsu-Suzhou
1760408258,p323,15422,2,1,60016,China/Sichuan-Chengdu
1761108952,s267,15660,2,1,60058,China/Zhejiang-Wenzhou
1763690305,o983,15675,2,1,60029,China/Beijing-Beijing
1762586639,d232,15819,2,1,60070,China/Guangdong-Shenzhen
1763213413,h843,15936,2,3,53987,China/Shanghai-Shanghai
1761438429,c346,15939,2,1,60075,China/Jiangsu-Suzhou
1759540383,d192,16126,2,4,60045,China/Jiangsu-Suzhou
1762479742,h421,16143,2,3,60075,China/Shanghai-Shanghai
1762555530,s360,16305,2,3,60062,China/Shanghai-Shanghai
1761083357,r794,16482,2,1,60005,China/Guangdong-Shenzhen
1764747123,i981,16650,2,1,60033,China/Sichuan-Chengdu
1762494852,h161,16741,2,1,60039,China/Beijing-Beijing
1759439581,p468,16823,2,1,60021,China/Jiangsu-Suzhou
1761044509,n485,16983,3,2,60075,China/Zhejiang-Wenzhou
1761288956,p887,17066,2,1,60036,China/Zhejiang-Wenzhou
1764421092,m408,17093,2,1,60068,China/Sichuan-Chengdu
1762521948,y319,17095,2,3,60038,China/Shanghai-Shanghai
1762215376,k253,17112,1,1,60070,China/Sichuan-Chengdu
1764453564,b267,17144,2,1,60064,China/Zhejiang-Wenzhou
1764493582,l904,17337,2,2,0,China/Zhejiang-Wenzhou
1764445614,f573,17414,2,1,60021,China/Shanghai-Shanghai
1760155655,i277,17448,2,1,60004,China/Sichuan-Chengdu
1761855006,p777,17522,2,3,60031,China/Beijing-Beijing
1762045550,u993,17611,1,1,60022,China/Jiangsu-Suzhou
1759317982,t549,17639,4,1,60069,China/Shanghai-Shanghai
1760991578,i485,17658,2,1,60060,China/Guangdong-Shenzhen
1764005072,s528,17660,4,1,60015,China/Guangdong-Shenzhen
1760273216,j134,17819,2,1,60058,China/Zhejiang-Wenzhou
1762911557,p506,17850,4,3,60071,China/Shanghai-Shanghai
1764686031,e762,17853,2,1,60045,China/Sichuan-Chengdu
1765703486,i100,18111,2,1,60014,China/Jiangsu-Suzhou
1759772621,p790,18132,2,1,60030,China/Jiangsu-Suzhou
1760585894,t973,18223,2,4,60001,China/Beijing-Beijing
1765473119,o654,18241,4,1,60024,China/Zhejiang-Wenzhou
1763170293,l787,18404,2,1,60042,China/Sichuan-Chengdu
1759298917,g432,18465,2,1,60004,China/Shanghai-Shanghai
1761554587,x755,18480,2,2,60001,China/Sichuan-Chengdu
1763796876,w768,18514,2,1,60069,China/Shanghai-Shanghai
1762663313,i727,18585,2,3,53987,China/Guangdong-Shenzhen
1762524303,d851,18722,2,2,60001,China/Sichuan-Chengdu
1763050315,s340,18758,2,1,60011,China/Beijing-Beijing
1762980637,i607,18795,1,3,53987,China/Shanghai-Shanghai
1765102396,v818,18810,2,1,60025,China/Sichuan-Chengdu
1765019439,z703,18831,2,2,60058,China/Beijing-Beijing
1759422257,u559,18882,2,1,60004,China/Jiangsu-Suzhou
1760430089,v305,19017,2,1,60039,China/Sichuan-Chengdu
1761253741,u384,19053,1,1,60064,China/Zhejiang-Wenzhou
1764716517,n823,19164,2,1,60057,China/Shanghai-Shanghai
1760782639,t560,19377,4,2,60042,China/Beijing-Beijing
1762538419,h113,19431,2,3,53987,China/Shanghai-Shanghai
1766138220,w939,19464,3,1,60038,China/Jiangsu-Suzhou
1760823539,j356,19594,2,2,60007,China/Zhejiang-Wenzhou
1760583276,z272,19754,2,1,60022,China/Guangdong-Shenzhen
1764493429,e199,19762,2,1,60005,China/Beijing-Beijing
1762688039,s311,19949,2,3,53987,China/Shanghai-Shanghai
1763594543,p353,19999,1,1,60051,China/Shanghai-Shanghai
1763522563,p123,20175,2,1,60012,China/Jiangsu-Suzhou
1766345771,g480,20224,2,2,60073,China/Sichuan-Chengdu
1759371850,b281,20283,2,1,60072,China/Zhejiang-Wenzhou
1760009768,i425,20452,2,2,60026,China/Beijing-Beijing
1761181489,h176,20477,2,1,60038,China/Sichuan-Chengdu
1765704009,p752,20548,2,1,60026,China/Jiangsu-Suzhou
1761000288,d601,20747,2,1,60023,China/Shanghai-Shanghai
1762719631,t146,20833,2,1,60035,China/Guangdong-Shenzhen
1762724843,e748,20840,2,1,60069,China/Sichuan-Chengdu
1761074452,t422,20844,2,1,60040,China/Guangdong-Shenzhen
1762114044,m592,20984,2,3,60012,China/Guangdong-Shenzhen
1764468367,h335,21046,2,1,60036,China/Guangdong-Shenzhen
1764951145,g162,21162,2,1,60066,China/Guangdong-Shenzhen
1762949314,p738,21163,3,2,60008,China/Zhejiang-Wenzhou
1762694645,k233,21184,2,2,60043,China/Sichuan-Chengdu
1762836087,s408,21259,4,2,60062,China/Sichuan-Chengdu
1763200966,u755,21389,3,1,60030,China/Jiangsu-Suzhou
1760874516,w841,21391,2,1,60013,China/Beijing-Beijing
1766322958,t615,21568,2,1,60043,China/Shanghai-Shanghai
1759774377,f481,21678,2,1,60005,China/Guangdong-Shenzhen
1762816395,n683,21731,2,3,53987,China/Shanghai-Shanghai
1762836612,o947,22135,2,3,53987,China/Beijing-Beijing
1765453738,w842,22189,2,1,60043,China/Zhejiang-Wenzhou
1765235969,q634,22190,2,1,60029,China/Guangdong-Shenzhen
1761918888,n203,22221,2,1,60057,China/Guangdong-Shenzhen
1762611541,c739,22227,2,3,53987,China/Shanghai-Shanghai
1762286693,i672,22294,2,1,60076,China/Shanghai-Shanghai
1765000394,u503,22305,2,1,60010,China/Sichuan-Chengdu
1761206523,o291,22329,2,1,60030,China/Jiangsu-Suzhou
1761895856,v839,22339,1,1,60066,China/Shanghai-Shanghai
1762936984,c716,22565,2,1,60057,China/Guangdong-Shenzhen
1762098832,i400,22647,2,1,60076,China/Shanghai-Shanghai
1759567799,v280,22773,2,1,60011,China/Jiangsu-Suzhou
1764963541,t909,22857,2,2,60026,China/Zhejiang-Wenzhou
1762533907,e491,23025,2,3,60064,China/Shanghai-Shanghai
1759415875,l573,23195,2,1,60046,China/Guangdong-Shenzhen
1763042271,h802,23357,2,2,53987,China/Shanghai-Shanghai
1762712656,z866,23499,2,3,53987,China/Shanghai-Shanghai
1759261125,y941,23518,2,1,60022,China/Shanghai-Shanghai
1762455127,m771,23531,2,3,53987,China/Shanghai-Shanghai
1763288149,s490,23638,2,1,60071,China/Beijing-Beijing
1759573803,y598,23667,2,1,60031,China/Shanghai-Shanghai
1765696174,g211,23729,2,2,60003,China/Zhejiang-Wenzhou
1760333473,b659,23789,2,1,60061,China/Shanghai-Shanghai
1761237885,h432,23924,2,1,60007,China/Sichuan-Chengdu
1762463048,t246,23956,3,1,60004,China/Shanghai-Shanghai
1762755254,p466,23985,2,4,60005,China/Shanghai-Shanghai
1764037906,v600,24176,2,1,60028,China/Shanghai-Shanghai
1762601702,x431,24196,2,3,53987,China/Shanghai-Shanghai
1760223772,c311,24352,2,1,60009,China/Zhejiang-Wenzhou
1762560000,e212,24354,2,1,60030,China/Guangdong-Shenzhen
1764375892,f265,24402,2,1,60055,China/Sichuan-Chengdu
1761778834,p336,24445,2,4,60024,China/Sichuan-Chengdu
1764492141,u861,24485,2,1,60066,China/Guangdong-Shenzhen
1760673201,y263,24499,2,1,60029,China/Sichuan-Chengdu
1763108657,m276,24551,2,1,60066,China/Zhejiang-Wenzhou
1760676520,j507,24578,4,1,60065,China/Sichuan-Chengdu
1762449821,p420,24582,2,2,60034,China/Sichuan-Chengdu
1761064282,a533,24725,2,2,60049,China/Zhejiang-Wenzhou
1759888788,u573,24759,2,1,60038,China/Beijing-Beijing
1761044077,n455,24905,2,1,60068,China/Shanghai-Shanghai
1762543325,o216,25094,2,1,60016,China/Zhejiang-Wenzhou
1762699529,k691,25135,2,3,53987,China/Shanghai-Shanghai
1761976853,d140,25336,3,1,60011,China/Shanghai-Shanghai
1762503010,j620,25339,2,3,60051,China/Shanghai-Shanghai
1764522138,a295,25405,2,1,60066,China/Beijing-Beijing
1760708202,d430,25461,4,2,60075,China/Shanghai-Shanghai
1762402914,a277,25507,2,1,60004,China/Sichuan-Chengdu
1760394147,p807,25525,2,2,60017,China/Sichuan-Chengdu
1764969159,w256,25536,2,2,60018,China/Zhejiang-Wenzhou
1760531534,o786,25747,4,3,60017,China/Beijing-Beijing
1760939693,t814,25783,2,1,60008,China/Jiangsu-Suzhou
1760706785,r689,25854,2,1,60072,China/Shanghai-Shanghai
1763066381,g152,25878,2,3,53987,China/Shanghai-Shanghai
1760505312,m715,25882,2,1,60069,China/Jiangsu-Suzhou
1763008954,y884,25885,1,3,60047,China/Zhejiang-Wenzhou
1763132511,d627,26013,2,1,60059,China/Jiangsu-Suzhou
1764898183,w773,26032,2,2,60076,China/Beijing-Beijing
1764658760,x777,26075,2,1,60033,China/Zhejiang-Wenzhou
1759830416,t268,26101,2,1,60050,China/Zhejiang-Wenzhou
1762839323,e476,26160,2,3,53987,China/Shanghai-Shanghai
1764380107,k978,26173,2,1,60054,China/Shanghai-Shanghai
1762309637,a536,26508,2,3,53987,China/Shanghai-Shanghai
1765309728,d735,26775,2,1,60078,China/Jiangsu-Suzhou
1764706957,a976,26977,3,3,60058,China/Guangdong-Shenzhen
1766124626,d282,27063,1,1,60058,China/Zhejiang-Wenzhou
1763881227,o247,27097,1,2,60032,China/Zhejiang-Wenzhou
1761706719,w587,27233,2,1,60027,China/Guangdong-Shenzhen
1760680706,o111,27435,2,1,60024,China/Sichuan-Chengdu
1762281854,v816,27742,2,3,53987,China/Shanghai-Shanghai
1759385781,k249,27765,2,1,60057,China/Shanghai-Shanghai
1761917273,t467,27795,2,1,60077,China/Guangdong-Shenzhen
1763219795,t243,27865,2,3,60077,China/Shanghai-Shanghai
1761884343,u643,28222,2,1,60059,China/Sichuan-Chengdu
1760204770,j769,28337,2,1,60025,China/Jiangsu-Suzhou
1760817351,n416,28340,2,1,60024,China/Jiangsu-Suzhou
1762866395,n200,28352,3,1,60030,China/Beijing-Beijing
1760224625,w604,28405,2,4,60036,China/Beijing-Beijing
1762614171,p710,28505,2,3,60073,China/Shanghai-Shanghai
1762763916,a866,28564,2,1,60070,China/Beijing-Beijing
1760550150,i522,28864,2,1,60026,China/Beijing-Beijing
1765774447,j831,28876,2,1,60022,China/Shanghai-Shanghai
1760622728,v591,28880,2,1,60054,China/Shanghai-Shanghai
1760053281,s803,29191,3,2,60004,China/Zhejiang-Wenzhou
1764123954,z209,29240,2,1,60060,China/Sichuan-Chengdu
1762746985,z859,29282,4,2,60045,China/Jiangsu-Suzhou
1761132970,b470,29372,2,1,60046,China/Zhejiang-Wenzhou
1763097647,c534,29387,2,3,53987,China/Shanghai-Shanghai
1763056981,k843,29565,2,1,60056,China/Beijing-Beijing
1764536106,i673,29574,2,1,60062,China/Sichuan-Chengdu
1764308503,p274,29700,2,1,60024,China/Jiangsu-Suzhou
1762855779,n268,29808,4,1,60045,China/Guangdong-Shenzhen
1762941562,v361,29849,1,4,60066,China/Shanghai-Shanghai
1763671447,n557,29859,2,1,60035,China/Sichuan-Chengdu
1760245772,v852,29992,2,1,60049,China/Shanghai-Shanghai
1762431953,z525,29995,2,4,53987,China/Sichuan-Chengdu
1760693994,k263,30051,2,1,60010,China/Jiangsu-Suzhou
1763614588,o799,30053,3,1,60080,China/Shanghai-Shanghai
1762925614,p438,30093,2,3,53987,China/Zhejiang-Wenzhou
1761733062,e642,30132,2,1,60079,China/Shanghai-Shanghai
1764262585,e465,30165,2,4,60045,China/Shanghai-Shanghai
1760042561,o936,30166,1,1,60038,China/Shanghai-Shanghai
1759400810,e718,30273,2,1,60031,China/Sichuan-Chengdu
1760423751,c249,30465,2,1,60046,China/Jiangsu-Suzhou
1761808614,w170,30527,2,1,60060,China/Zhejiang-Wenzhou
1763183755,k962,30542,2,1,60063,China/Zhejiang-Wenzhou
1760038324,t924,30543,3,1,60027,China/Beijing-Beijing
1763506899,s210,30601,2,3,60020,China/Sichuan-Chengdu
1762488483,g948,30871,2,3,60011,China/Zhejiang-Wenzhou
1761413766,s384,30901,2,1,60063,China/Beijing-Beijing
1764679501,n144,31002,2,1,60027,China/Guangdong-Shenzhen
1760295905,i416,31039,2,2,60063,China/Zhejiang-Wenzhou
1765356880,k862,31141,2,3,60016,China/Jiangsu-Suzhou
1760549509,t420,31194,2,1,60057,China/Guangdong-Shenzhen
1763004084,r884,31206,2,2,60069,China/Beijing-Beijing
1762327921,m966,31343,2,1,60028,China/Shanghai-Shanghai
1765990936,n582,31398,2,1,60028,China/Sichuan-Chengdu
1762384333,n376,31403,2,4,60036,China/Jiangsu-Suzhou
1764313704,r403,31431,2,1,60051,China/Jiangsu-Suzhou
1763085453,q915,31558,2,1,60080,China/Sichuan-Chengdu
1759554076,x348,31646,2,1,60079,China/Jiangsu-Suzhou
1764166881,q497,31689,2,1,60042,China/Jiangsu-Suzhou
1763565221,z326,31731,2,1,60079,China/Shanghai-Shanghai
1761858070,u259,31775,2,2,60039,China/Sichuan-Chengdu
1762047800,l665,31920,2,4,60003,China/Guangdong-Shenzhen
1762822524,f649,31958,2,1,60028,China/Sichuan-Chengdu
1764918485,c256,31974,3,1,60025,China/Sichuan-Chengdu
1762685393,w489,32046,2,1,60018,China/Sichuan-Chengdu
1762796603,i891,32155,2,1,60068,China/Beijing-Beijing
1764648297,a726,32271,3,1,60055,China/Beijing-Beijing
1764834283,z969,32375,2,1,60010,China/Shanghai-Shanghai
1763316823,d512,32387,2,1,60001,China/Beijing-Beijing
1762276204,m736,32462,2,3,53987,China/Shanghai-Shanghai
1763037015,l593,32467,2,3,53987,China/Shanghai-Shanghai
1766241269,y189,32539,2,4,60014,China/Zhejiang-Wenzhou
1765626753,h675,32660,2,3,60046,China/Guangdong-Shenzhen
1763080547,v686,32772,2,4,53987,China/Shanghai-Shanghai
1761778415,j671,32874,2,1,60042,China/Shanghai-Shanghai
1761434675,c933,32880,2,1,60063,China/Jiangsu-Suzhou
1759461221,f385,32913,2,1,60045,China/Beijing-Beijing
1763341717,l785,33107,2,1,60041,China/Beijing-Beijing
1762981489,p637,33352,2,3,53987,China/Shanghai-Shanghai
1759666748,o130,33355,2,1,60006,China/Sichuan-Chengdu
1764793955,a645,33388,2,1,60075,China/Guangdong-Shenzhen
1761381579,k799,33456,2,1,60034,China/Zhejiang-Wenzhou
1762637835,m728,33468,2,3,53987,China/Shanghai-Shanghai
1761079676,q738,33548,2,2,60055,China/Guangdong-Shenzhen
1763576825,u330,33607,2,1,60010,China/Beijing-Beijing
1762594018,j755,33742,2,2,60004,China/Beijing-Beijing
1762920524,h303,33784,2,3,53987,China/Shanghai-Shanghai
1765407123,d338,33817,3,1,60043,China/Guangdong-Shenzhen
1760442339,e756,33840,2,1,60065,China/Jiangsu-Suzhou
1762498599,q418,33903,2,3,53987,China/Shanghai-Shanghai
1762466323,x411,34001,2,3,53987,China/Shanghai-Shanghai
1760945306,u656,34232,2,2,60046,China/Guangdong-Shenzhen
1761618266,e318,34287,3,1,60041,China/Beijing-Beijing
1759400658,v869,34359,2,1,60032,China/Shanghai-Shanghai
1761255476,l612,34554,2,1,60006,China/Zhejiang-Wenzhou
1761864088,n991,34560,2,1,60077,China/Zhejiang-Wenzhou
1762325701,i264,34579,2,3,53987,China/Shanghai-Shanghai
1762807953,n471,34748,2,1,60006,China/Guangdong-Shenzhen
1759511280,d542,34782,2,1,60074,China/Guangdong-Shenzhen
1759958023,s917,34856,2,1,60079,China/Zhejiang-Wenzhou
1759889763,c328,34948,2,1,60046,China/Beijing-Beijing
1759536842,d258,35081,2,1,60073,China/Guangdong-Shenzhen
1766236703,b314,35125,4,1,60017,China/Beijing-Beijing
1761301220,w744,35340,2,2,60064,China/Sichuan-Chengdu
1761675470,i114,35441,2,1,60052,China/Beijing-Beijing
1761111968,q442,35446,2,1,60013,China/Guangdong-Shenzhen
1763974928,p288,35463,2,4,60035,China/Guangdong-Shenzhen
1762392519,r744,35627,2,1,53987,China/Shanghai-Shanghai
1759515678,a225,35694,2,1,60019,China/Beijing-Beijing
1762725360,b912,35750,2,3,60068,China/Shanghai-Shanghai
1763633038,w923,35930,4,3,60021,China/Shanghai-Shanghai
1761698764,e450,36088,2,1,60020,China/Shanghai-Shanghai
1761419041,u298,36475,2,1,60042,China/Guangdong-Shenzhen
1760723736,t951,36647,2,1,60026,China/Jiangsu-Suzhou
1764030416,z652,36662,2,2,60053,China/Zhejiang-Wenzhou
1759913262,q490,36755,2,1,60068,China/Sichuan-Chengdu
1761927053,c713,36819,2,1,60070,China/Jiangsu-Suzhou
1763586400,d473,36977,4,4,60017,China/Zhejiang-Wenzhou
1760836513,v612,37000,1,1,60057,China/Shanghai-Shanghai
1762138879,t932,37023,2,1,60031,China/Guangdong-Shenzhen
1762268141,q201,37107,2,1,60053,China/Shanghai-Shanghai
1765601329,h147,37156,2,1,60079,China/Jiangsu-Suzhou
1762652067,t890,37167,2,4,60054,China/Guangdong-Shenzhen
1763339611,t754,37220,2,1,60062,China/Jiangsu-Suzhou
1762787755,s297,37258,2,3,53987,China/Shanghai-Shanghai
1761497782,f999,37284,1,1,60060,China/Sichuan-Chengdu
1763130582,i867,37418,2,1,60080,China/Beijing-Beijing
1759515488,c804,37451,2,1,60061,China/Shanghai-Shanghai
1760891434,l733,37464,2,1,60005,China/Guangdong-Shenzhen
1765092965,g274,37579,2,1,60064,China/Zhejiang-Wenzhou
1761327027,g143,37583,2,1,60028,China/Zhejiang-Wenzhou
1762483378,q950,37655,2,1,53987,China/Shanghai-Shanghai
1761061992,p761,37841,2,1,60012,China/Zhejiang-Wenzhou
1760309436,r181,37884,2,1,60050,China/Jiangsu-Suzhou
1763099345,x701,38014,2,1,60013,China/Zhejiang-Wenzhou
1759859546,j705,38088,2,1,60003,China/Jiangsu-Suzhou
1761224448,v866,38152,2,1,60052,China/Shanghai-Shanghai
1763634570,z677,38167,2,1,60003,China/Shanghai-Shanghai
1762762806,r355,38212,2,1,60019,China/Jiangsu-Suzhou
1759973014,b703,38278,2,1,60040,China/Zhejiang-Wenzhou
1763236320,s507,38297,2,1,60009,China/Beijing-Beijing
1763211644,q729,38400,2,1,60055,China/Zhejiang-Wenzhou
1760770836,z616,38411,2,1,60058,China/Beijing-Beijing
1761396597,m745,38429,2,1,60042,China/Zhejiang-Wenzhou
1765980953,l999,38457,2,1,60019,China/Guangdong-Shenzhen
1764782299,u397,38462,2,3,60006,China/Shanghai-Shanghai
1760076788,r913,38516,2,1,60022,China/Jiangsu-Suzhou
1764658299,c448,38520,2,2,60074,China/Beijing-Beijing
1765314155,j961,38553,2,3,60067,China/Zhejiang-Wenzhou
1762828209,t720,38556,2,3,53987,China/Jiangsu-Suzhou
1759456883,q917,38977,2,1,60058,China/Guangdong-Shenzhen
1766565153,t846,39032,3,1,60010,China/Shanghai-Shanghai
1760169749,i205,39141,2,1,60023,China/Sichuan-Chengdu
1762088834,o404,39158,2,4,60003,China/Guangdong-Shenzhen
1761742327,y147,39213,2,1,60005,China/Sichuan-Chengdu
1763222441,i341,39217,2,1,60018,China/Guangdong-Shenzhen
1766176911,g459,39255,2,1,60051,China/Shanghai-Shanghai
1761250800,s702,39352,2,2,60021,China/Beijing-Beijing
1761127604,e386,39400,4,1,60070,China/Jiangsu-Suzhou
1763046888,d874,39402,2,3,53987,China/Shanghai-Shanghai
1764307872,r425,39593,2,1,60026,China/Jiangsu-Suzhou
1762727541,m370,39611,2,3,60076,China/Shanghai-Shanghai
1765106583,e823,39638,2,1,60073,China/Sichuan-Chengdu
1762337955,l955,39754,2,1,53987,China/Shanghai-Shanghai
1765467991,w667,39802,2,1,60052,China/Zhejiang-Wenzhou
1763028137,y159,39934,2,4,60080,China/Sichuan-Chengdu
1762830667,s775,39950,2,1,60019,China/Shanghai-Shanghai
1765194913,s954,40071,2,1,60007,China/Sichuan-Chengdu
1760339851,c810,40245,2,1,60020,China/Jiangsu-Suzhou
1762521499,u167,40284,1,3,53987,China/Shanghai-Shanghai
1760995011,s701,40337,2,1,60042,China/Shanghai-Shanghai
1765447730,g862,40352,2,1,60036,China/Zhejiang-Wenzhou
1762745574,g218,40472,2,3,53987,China/Shanghai-Shanghai
1760858768,q946,40477,2,2,60033,China/Beijing-Beijing
1762785259,w663,40579,2,1,60054,China/Guangdong-Shenzhen
1760429181,q500,40587,2,1,60054,China/Sichuan-Chengdu
1762330603,m334,40597,2,1,60044,China/Beijing-Beijing
1763678117,t311,40691,2,1,60073,China/Guangdong-Shenzhen
1761895963,c634,40933,2,1,60075,China/Zhejiang-Wenzhou
1763953773,f785,40945,2,1,60014,China/Sichuan-Chengdu
1761154476,z547,41067,1,1,60059,China/Sichuan-Chengdu
1762357378,s238,41223,2,3,53987,China/Shanghai-Shanghai
1762215829,i379,41247,2,1,0,China/Beijing-Beijing
1764335060,f156,41370,2,1,60064,China/Shanghai-Shanghai
1765209365,e833,41570,2,1,60064,China/Shanghai-Shanghai
1759835446,k913,41595,2,1,60077,China/Zhejiang-Wenzhou
1765574531,h165,41683,2,1,60038,China/Sichuan-Chengdu
1759681193,f958,41813,2,1,60021,China/Jiangsu-Suzhou
1764174967,x570,41825,2,3,60003,China/Jiangsu-Suzhou
1764981852,b806,41948,3,1,60049,China/Beijing-Beijing
1763299108,q406,41984,2,1,60025,China/Guangdong-Shenzhen
1762923454,i677,41995,2,1,60077,China/Shanghai-Shanghai
1762515806,i311,42018,2,1,60055,China/Jiangsu-Suzhou
1760475706,l701,42454,2,1,60070,China/Shanghai-Shanghai
1763140658,x771,42463,2,1,60077,China/Sichuan-Chengdu
1760591114,d806,42495,2,1,60019,China/Sichuan-Chengdu
1762354040,d404,42525,1,1,60034,China/Zhejiang-Wenzhou
1759992771,k509,42719,2,1,60048,China/Shanghai-Shanghai
1761391876,r136,42776,2,1,60021,China/Shanghai-Shanghai
1762614667,f553,42987,2,3,60035,China/Shanghai-Shanghai
1763294754,o928,43011,2,1,60045,China/Jiangsu-Suzhou
1761737175,v985,43215,2,1,60068,China/Guangdong-Shenzhen
1763031763,w185,43314,2,3,53987,China/Shanghai-Shanghai
1760744882,c107,43422,2,1,60054,China/Sichuan-Chengdu
1764404106,c262,43463,2,2,60041,China/Shanghai-Shanghai
1763193298,a226,43568,2,3,53987,China/Shanghai-Shanghai
1766636843,p412,43598,2,3,60058,China/Shanghai-Shanghai
1761632642,f909,43785,2,1,60014,China/Shanghai-Shanghai
1762704783,e350,43902,2,1,60010,China/Jiangsu-Suzhou
1760937071,f223,44091,3,1,60063,China/Jiangsu-Suzhou
1764472299,l479,44204,2,1,60061,China/Sichuan-Chengdu
1760610647,v919,44402,4,1,60078,China/Guangdong-Shenzhen
1763206124,y383,44722,2,1,60041,China/Zhejiang-Wenzhou
1764583049,c574,45312,2,1,60055,China/Zhejiang-Wenzhou
1761839313,c838,45313,2,2,60080,China/Guangdong-Shenzhen
1761275507,q623,45337,2,2,60047,China/Guangdong-Shenzhen
1762296835,v187,45474,2,3,53987,China/Shanghai-Shanghai
1762681996,v383,45491,2,1,60031,China/Zhejiang-Wenzhou
1765293448,i270,45494,2,1,60015,China/Shanghai-Shanghai
1762991555,y596,45715,2,4,53987,China/Shanghai-Shanghai
1759660501,d274,45769,2,3,60067,China/Beijing-Beijing
1764671594,b655,45938,2,1,60037,China/Beijing-Beijing
1762968609,o953,45993,2,4,60055,China/Beijing-Beijing
1765918820,z406,46216,2,1,60051,China/Sichuan-Chengdu
1760964193,m568,46220,2,2,60042,China/Jiangsu-Suzhou
1762748545,t261,46323,2,1,53987,China/Shanghai-Shanghai
1763189420,e984,46425,2,3,53987,China/Guangdong-Shenzhen
1762865794,m835,46526,2,1,60012,China/Guangdong-Shenzhen
1764362307,d568,46734,2,1,60021,China/Jiangsu-Suzhou
1763937956,s836,46766,2,1,60020,China/Zhejiang-Wenzhou
1763153779,s688,46817,2,3,53987,China/Shanghai-Shanghai
1764863075,v554,46826,2,2,60009,China/Beijing-Beijing
1762282555,s734,46866,2,3,53987,China/Shanghai-Shanghai
1761020230,h879,47053,2,1,60010,China/Jiangsu-Suzhou
1764038718,b279,47282,1,1,60031,China/Jiangsu-Suzhou
1765488377,j472,47366,1,2,60020,China/Guangdong-Shenzhen
1763157532,s387,47517,2,1,60073,China/Beijing-Beijing
1764633074,w430,47596,2,1,60030,China/Guangdong-Shenzhen
1762589868,k911,47971,2,3,53987,China/Shanghai-Shanghai
1763234836,m693,48081,2,1,60043,China/Jiangsu-Suzhou
1760158892,o959,48112,2,1,60036,China/Jiangsu-Suzhou
1761467613,s760,48203,2,2,60014,China/Jiangsu-Suzhou
1763146749,v824,48204,2,4,53987,China/Shanghai-Shanghai
1762635960,f203,48331,2,3,60069,China/Beijing-Beijing
1761500652,t722,48651,2,1,0,China/Jiangsu-Suzhou
1763184929,u688,48693,2,3,60027,China/Shanghai-Shanghai
1762963348,x383,48699,2,2,60028,China/Shanghai-Shanghai
1762741783,k815,48700,2,4,53987,China/Shanghai-Shanghai
1762181463,k388,48813,1,1,60012,China/Shanghai-Shanghai
1761700677,f661,48827,2,4,60024,China/Zhejiang-Wenzhou
1762060148,k488,48840,2,1,60054,China/Beijing-Beijing
1761582653,o962,48851,2,1,60040,China/Zhejiang-Wenzhou
1762866592,z678,48940,2,2,60019,China/Zhejiang-Wenzhou
1763978047,z977,49118,2,1,60020,China/Sichuan-Chengdu
1762107640,v815,49139,2,1,60007,China/Beijing-Beijing
1761692480,v285,49173,3,1,60016,China/Sichuan-Chengdu
1760805072,s909,49201,3,1,60018,China/Sichuan-Chengdu
1763428257,v353,49216,2,1,60047,China/Beijing-Beijing
1760425092,k123,49227,2,1,60027,China/Jiangsu-Suzhou
1763925768,k745,49264,2,1,60004,China/Zhejiang-Wenzhou
1762931734,v709,49287,2,1,60023,China/Jiangsu-Suzhou
1763289159,h793,49355,1,3,60002,China/Guangdong-Shenzhen
1764193905,t699,49364,2,1,60078,China/Zhejiang-Wenzhou
1763876021,t721,49393,2,1,60056,China/Guangdong-Shenzhen
1764597678,y103,49506,2,3,60080,China/Beijing-Beijing
1760168142,m261,49691,2,1,60077,China/Jiangsu-Suzhou
1762448954,c299,49928,2,3,60041,China/Shanghai-Shanghai
1762917538,y647,50082,2,3,53987,China/Shanghai-Shanghai
1762688382,t768,50150,2,1,60020,China/Shanghai-Shanghai
1766179436,l691,50208,2,1,60052,China/Shanghai-Shanghai
1763170061,x493,50226,2,1,60015,China/Beijing-Beijing
1763954347,m537,50250,2,1,60052,China/Zhejiang-Wenzhou
1763216082,j564,50286,2,1,60050,China/Zhejiang-Wenzhou
1760517694,r683,50302,2,1,60028,China/Shanghai-Shanghai
1761142475,h679,50310,2,1,60033,China/Guangdong-Shenzhen
1763307323,o929,50390,4,2,60054,China/Shanghai-Shanghai
1762406832,k718,50444,2,1,60021,China/Beijing-Beijing
1764106171,v720,50587,2,1,60020,China/Beijing-Beijing
1762568219,j682,50726,2,2,60061,China/Shanghai-Shanghai
1762870116,l884,50873,2,1,60071,China/Beijing-Beijing
1761552115,x454,50960,2,1,60058,China/Shanghai-Shanghai
1765063940,g998,50966,2,1,60015,China/Jiangsu-Suzhou
1760881836,a348,50974,2,2,60046,China/Sichuan-Chengdu
1766013954,v659,51059,1,1,60052,China/Shanghai-Shanghai
1761080099,j425,51120,2,1,60058,China/Jiangsu-Suzhou
1762460804,c565,51169,2,1,60069,China/Shanghai-Shanghai
1763195167,w674,51279,2,3,53987,China/Beijing-Beijing
1762593280,i808,51306,2,1,60059,China/Zhejiang-Wenzhou
1759700530,e986,51431,2,1,60043,China/Zhejiang-Wenzhou
1764729626,x423,51450,2,1,60025,China/Jiangsu-Suzhou
1763181937,p892,51486,2,1,60027,China/Guangdong-Shenzhen
1760963515,g927,51829,2,1,60018,China/Zhejiang-Wenzhou
1765627247,e635,51975,2,1,60028,China/Sichuan-Chengdu
1764166422,f789,52018,2,1,60031,China/Zhejiang-Wenzhou
1762882206,z266,52051,2,1,60027,China/Guangdong-Shenzhen
1761801453,t840,52281,2,1,60071,China/Jiangsu-Suzhou
1762766731,t223,52315,2,3,60080,China/Shanghai-Shanghai
1761910313,g435,52445,2,3,60071,China/Jiangsu-Suzhou
1761685087,z317,52488,2,1,60010,China/Beijing-Beijing
1761746031,d694,52494,2,2,60013,China/Jiangsu-Suzhou
1764687262,o482,52525,2,2,60026,China/Guangdong-Shenzhen
1760767965,d144,52659,2,2,60019,China/Beijing-Beijing
1763141491,x427,52923,1,3,53987,China/Shanghai-Shanghai
1765816261,s861,52940,2,1,60035,China/Beijing-Beijing
1762833355,z565,52986,4,1,60014,China/Sichuan-Chengdu
1759482203,t982,53123,2,1,60078,China/Guangdong-Shenzhen
1762882550,q512,53151,2,1,60063,China/Beijing-Beijing
1761432680,b872,53155,3,2,60011,China/Zhejiang-Wenzhou
1762201045,r284,53185,2,1,60015,China/Sichuan-Chengdu
1760387955,p582,53298,4,1,60037,China/Beijing-Beijing
1759426295,h412,53318,2,1,60047,China/Sichuan-Chengdu
1763302970,u415,53330,2,1,60015,China/Sichuan-Chengdu
1762671196,b755,53411,2,3,53987,China/Shanghai-Shanghai
1761151271,c294,53461,2,1,60013,China/Guangdong-Shenzhen
1762686288,d307,53477,4,1,60026,China/Shanghai-Shanghai
1763336785,s996,53522,2,1,60078,China/Shanghai-Shanghai
1764441387,c891,53525,2,1,60057,China/Sichuan-Chengdu
1761768393,m333,53612,2,1,60043,China/Jiangsu-Suzhou
1764052867,t714,53682,1,4,60022,China/Sichuan-Chengdu
1765043163,v548,54028,2,1,60078,China/Guangdong-Shenzhen
1759821497,v569,54029,2,1,60059,China/Zhejiang-Wenzhou
1762984594,b918,54147,2,3,53987,China/Shanghai-Shanghai
1762907370,t106,54433,2,3,60057,China/Beijing-Beijing
1762736434,x969,54546,1,1,60004,China/Guangdong-Shenzhen
1763667361,s414,54636,3,1,60061,China/Shanghai-Shanghai
1763061521,c469,54691,3,1,60027,China/Zhejiang-Wenzhou
1762615669,c322,54738,2,2,53987,China/Shanghai-Shanghai
1759395312,x351,54844,2,1,0,China/Sichuan-Chengdu
1762993282,e285,54888,2,1,60079,China/Zhejiang-Wenzhou
1764555234,n497,54969,2,1,60051,China/Shanghai-Shanghai
1762939827,l889,54977,2,1,60003,China/Guangdong-Shenzhen
1765217232,w975,55172,1,1,60046,China/Shanghai-Shanghai
1761468065,r610,55365,2,1,60031,China/Beijing-Beijing
1761741938,h322,55474,2,4,60032,China/Zhejiang-Wenzhou
1764206071,f917,55545,2,1,60058,China/Jiangsu-Suzhou
1762544576,v240,55622,2,3,60076,China/Shanghai-Shanghai
1764905400,b679,55812,2,1,60037,China/Zhejiang-Wenzhou
1764128856,d596,55822,2,1,60050,China/Guangdong-Shenzhen
1762037263,y716,55869,2,1,60064,China/Guangdong-Shenzhen
1762849969,i196,55912,2,2,60012,China/Guangdong-Shenzhen
1759294885,v891,56045,2,1,60064,China/Beijing-Beijing
1764305470,r562,56086,2,3,60002,China/Shanghai-Shanghai
1763942332,z215,56177,2,1,60058,China/Shanghai-Shanghai
1760518038,a456,56257,2,1,60073,China/Sichuan-Chengdu
1761418161,s443,56296,2,1,60062,China/Shanghai-Shanghai
1765629094,b502,56384,3,1,60029,China/Jiangsu-Suzhou
1763526294,h270,56496,2,1,60074,China/Beijing-Beijing
1762533384,q399,56671,2,1,60014,China/Beijing-Beijing
1762853011,u386,56688,3,1,60030,China/Zhejiang-Wenzhou
1766564075,e370,56801,2,1,60065,China/Beijing-Beijing
1760956238,q389,56832,2,1,60039,China/Shanghai-Shanghai
1762164588,d997,56881,2,1,60068,China/Beijing-Beijing
1761617745,y959,56928,2,1,60074,China/Jiangsu-Suzhou
1763144268,x556,57130,2,3,53987,China/Shanghai-Shanghai
1765696749,n448,57238,2,3,60053,China/Beijing-Beijing
1764479544,z741,57258,2,1,60023,China/Jiangsu-Suzhou
1762398814,q890,57302,2,3,60027,China/Guangdong-Shenzhen
1764602112,f496,57491,2,1,60029,China/Jiangsu-Suzhou
1759620903,n135,57499,2,1,60073,China/Jiangsu-Suzhou
1762754377,k969,57728,2,1,53987,China/Shanghai-Shanghai
1762289622,a388,57801,2,1,60048,China/Sichuan-Chengdu
1763079734,z908,57850,2,2,60001,China/Sichuan-Chengdu
1766005339,p673,57855,2,1,60027,China/Zhejiang-Wenzhou
1760992126,w700,57911,2,1,60033,China/Zhejiang-Wenzhou
1759915212,o780,58125,2,1,60003,China/Guangdong-Shenzhen
1759982466,s919,58176,2,1,60055,China/Zhejiang-Wenzhou
1761890136,c988,58312,4,2,60020,China/Zhejiang-Wenzhou
1764256926,n163,58348,2,4,60012,China/Zhejiang-Wenzhou
1761182878,t103,58392,2,2,60043,China/Guangdong-Shenzhen
1759301176,u448,58595,4,3,60032,China/Jiangsu-Suzhou
1763021836,x608,58623,2,1,60080,China/Sichuan-Chengdu
1765543485,v237,58656,2,1,60054,China/Zhejiang-Wenzhou
1762693767,g760,58660,2,1,60047,China/Sichuan-Chengdu
1762390225,h607,58679,2,1,60019,China/Jiangsu-Suzhou
1764998318,f663,58700,2,2,60012,China/Shanghai-Shanghai
1761469411,y533,58733,2,1,60046,China/Sichuan-Chengdu
1759292782,y434,58999,2,1,60027,China/Zhejiang-Wenzhou
1760797815,c110,59163,2,1,60068,China/Zhejiang-Wenzhou
1762496022,o693,59215,2,3,53987,China/Shanghai-Shanghai
1762611297,b521,59372,2,1,60011,China/Jiangsu-Suzhou
1760310024,v747,59460,2,1,60080,China/Shanghai-Shanghai
1762672117,y122,59605,2,3,60050,China/Shanghai-Shanghai
1759435875,g222,59613,2,1,60046,China/Shanghai-Shanghai
1762020239,x792,59614,2,2,60015,China/Shanghai-Shanghai
1762424725,b923,59669,2,3,53987,China/Jiangsu-Suzhou
1761427508,r967,59679,2,1,60070,China/Jiangsu-Suzhou
1763939280,l794,59699,2,1,60040,China/Sichuan-Chengdu
1762903692,n885,59866,2,1,60061,China/Zhejiang-Wenzhou
1761704000,p830,59905,2,1,60063,China/Shanghai-Shanghai
1759446989,r812,59911,2,1,60003,China/Beijing-Beijing
1763360914,n721,59997,2,3,60029,China/Guangdong-Shenzhen
1761278414,f853,60014,1,1,0,China/Beijing-Beijing
1762893525,f527,60043,2,3,60040,China/Shanghai-Shanghai
1759479793,x336,60078,2,1,60080,China/Guangdong-Shenzhen
1760228295,m134,60108,2,2,60007,China/Jiangsu-Suzhou
1763322245,u103,60206,1,1,60044,China/Jiangsu-Suzhou
1763901073,g314,60484,2,3,60035,China/Jiangsu-Suzhou
1763593050,q747,60542,4,4,60043,China/Guangdong-Shenzhen
1764318946,z287,60700,2,1,60078,China/Zhejiang-Wenzhou
1762639649,p346,60712,2,1,60024,China/Sichuan-Chengdu
1762970616,q803,60724,2,1,60012,China/Guangdong-Shenzhen
1760293683,u922,60792,2,1,60007,China/Guangdong-Shenzhen
1760069996,s221,60864,2,1,60051,China/Zhejiang-Wenzhou
1762803876,q279,60892,4,1,60034,China/Zhejiang-Wenzhou
1761734801,s167,60984,2,4,60056,China/Shanghai-Shanghai
1763832211,c130,61046,1,1,60003,China/Sichuan-Chengdu
1762891831,e794,61053,2,3,53987,China/Shanghai-Shanghai
1762624310,a202,61192,2,1,53987,China/Shanghai-Shanghai
1762328597,f485,61280,2,1,60060,China/Sichuan-Chengdu
1763416266,y313,61326,2,1,60062,China/Sichuan-Chengdu
1763946384,b321,61420,2,1,60030,China/Beijing-Beijing
1764065132,m546,61429,1,1,60041,China/Sichuan-Chengdu
1760275001,m417,61587,2,1,60017,China/Jiangsu-Suzhou
1764783438,r964,61693,4,1,60027,China/Jiangsu-Suzhou
1764848013,u109,61703,2,1,60059,China/Guangdong-Shenzhen
1764362084,c967,61913,2,1,60016,China/Shanghai-Shanghai
1759462896,n214,62064,2,1,60034,China/Guangdong-Shenzhen
1763520068,k254,62405,2,2,60079,China/Guangdong-Shenzhen
1763053166,c905,62486,2,1,60024,China/Jiangsu-Suzhou
1762305180,r577,62493,2,2,60060,China/Beijing-Beijing
1761071148,e562,62682,2,1,60002,China/Beijing-Beijing
1762629758,h913,62691,2,1,60024,China/Sichuan-Chengdu
1760542538,x218,62937,2,2,60064,China/Jiangsu-Suzhou
1761324562,g267,62986,2,2,60008,China/Guangdong-Shenzhen
1763022622,s536,63012,2,3,53987,China/Shanghai-Shanghai
1760764625,o458,63034,2,1,60058,China/Shanghai-Shanghai
1761582559,y639,63142,2,1,60007,China/Guangdong-Shenzhen
1760182067,l454,63265,3,1,60063,China/Sichuan-Chengdu
1759488029,r854,63286,1,1,60018,China/Shanghai-Shanghai
1761503165,u432,63325,2,3,60021,China/Shanghai-Shanghai
1759401274,w662,63802,2,4,60057,China/Zhejiang-Wenzhou
1763627948,d550,63886,2,1,60040,China/Sichuan-Chengdu
1763704876,u484,63898,4,1,60059,China/Beijing-Beijing
1762584025,i956,63919,4,2,60035,China/Jiangsu-Suzhou
1761836610,b931,64066,2,1,60041,China/Guangdong-Shenzhen
1763065441,q884,64121,2,4,53987,China/Shanghai-Shanghai
1761577439,y653,64246,2,1,60047,China/Beijing-Beijing
1763196159,a958,64421,2,1,60029,China/Jiangsu-Suzhou
1763252203,o369,64591,2,1,60064,China/Beijing-Beijing
1762906900,z910,64616,2,3,53987,China/Shanghai-Shanghai
1765210467,f452,64617,2,1,60056,China/Jiangsu-Suzhou
1760474531,r199,64733,2,4,60030,China/Shanghai-Shanghai
1761546880,a472,64805,2,3,60005,China/Zhejiang-Wenzhou
1760520802,u485,64879,2,1,60068,China/Shanghai-Shanghai
1763086262,y377,64893,2,3,53987,China/Shanghai-Shanghai
1764544573,l148,65021,3,1,60047,China/Sichuan-Chengdu
1760903045,h632,65030,2,2,60009,China/Shanghai-Shanghai
1762876052,y925,65050,2,4,53987,China/Shanghai-Shanghai
1762487662,s827,65225,2,3,53987,China/Shanghai-Shanghai
1759798736,c464,65272,2,1,60054,China/Shanghai-Shanghai
1764534609,z979,65377,2,1,60010,China/Beijing-Beijing
1763638219,z650,65414,2,1,60061,China/Sichuan-Chengdu
1763236117,k134,65742,2,2,60066,China/Shanghai-Shanghai
1763674186,l472,65878,2,2,60026,China/Zhejiang-Wenzhou
1759840146,g937,66019,2,1,60068,China/Shanghai-Shanghai
1763187289,c279,66235,2,2,53987,China/Shanghai-Shanghai
1759597791,u345,66281,2,3,60074,China/Jiangsu-Suzhou
1759514524,u302,66319,2,3,60027,China/Zhejiang-Wenzhou
1763723823,o384,66356,3,1,60020,China/Shanghai-Shanghai
1762892733,q707,66580,2,1,60050,China/Jiangsu-Suzhou
1763274436,i458,66587,2,1,60030,China/Guangdong-Shenzhen
1759549640,r195,66699,4,1,60058,China/Guangdong-Shenzhen
1759619651,c487,66743,2,1,60008,China/Sichuan-Chengdu
1762896454,u619,66813,2,1,60015,China/Shanghai-Shanghai
1762468235,s527,66899,1,1,60020,China/Sichuan-Chengdu
1763151627,n345,66935,2,3,53987,China/Jiangsu-Suzhou
1762370980,g133,67020,2,3,53987,China/Shanghai-Shanghai
1765109388,p941,67195,2,1,60061,China/Beijing-Beijing
1761050009,e561,67215,2,1,60045,China/Sichuan-Chengdu
1762009361,k183,67232,2,1,60003,China/Beijing-Beijing
1764847989,f581,67306,2,1,60051,China/Sichuan-Chengdu
1762432885,e434,67443,4,1,60050,China/Sichuan-Chengdu
1759390990,o510,67566,2,1,60053,China/Sichuan-Chengdu
1762894729,k851,67654,2,3,53987,China/Shanghai-Shanghai
1763714790,t122,67762,2,4,60080,China/Sichuan-Chengdu
1759796211,l711,68099,2,1,60003,China/Guangdong-Shenzhen
1764122921,z692,68165,1,3,60041,China/Guangdong-Shenzhen
1762733307,f513,68392,2,4,60035,China/Beijing-Beijing
1760317370,d856,68481,2,3,60069,China/Jiangsu-Suzhou
1761514395,a742,68517,2,4,60040,China/Shanghai-Shanghai
1765001396,k585,68575,2,4,60004,China/Beijing-Beijing
1761692728,o217,68591,2,1,60077,China/Sichuan-Chengdu
1762562454,c786,68832,2,3,60075,China/Guangdong-Shenzhen
1761236241,g882,68919,2,2,60047,China/Jiangsu-Suzhou
1761815446,k677,69082,2,1,60049,China/Jiangsu-Suzhou
1759538902,g308,69098,2,1,60067,China/Jiangsu-Suzhou
1762859463,x505,69192,2,1,53987,China/Shanghai-Shanghai
1761409089,i274,69234,2,1,60067,China/Guangdong-Shenzhen
1759410121,k671,69309,4,1,60042,China/Sichuan-Chengdu
1764134915,r189,69321,2,1,60068,China/Shanghai-Shanghai
1762351379,j914,69669,2,3,53987,China/Zhejiang-Wenzhou
1762774152,i294,69676,2,3,53987,China/Shanghai-Shanghai
1759901974,t875,69683,2,2,60045,China/Jiangsu-Suzhou
1760737129,z106,69700,2,1,60059,China/Shanghai-Shanghai
1762821789,n589,69791,2,1,60004,China/Shanghai-Shanghai
1763432568,v533,69792,2,2,60019,China/Beijing-Beijing
1760175470,h866,69801,2,1,60042,China/Shanghai-Shanghai
1760876749,m253,69830,3,2,60078,China/Beijing-Beijing
1759680065,l235,69864,2,2,60036,China/Jiangsu-Suzhou
1763859334,y247,70042,2,1,60045,China/Zhejiang-Wenzhou
1763741705,t610,70143,2,1,60006,China/Zhejiang-Wenzhou
1765316544,h609,70173,2,1,60009,China/Beijing-Beijing
1765817927,u377,70341,2,1,60042,China/Jiangsu-Suzhou
1759310086,h519,70343,2,1,60039,China/Jiangsu-Suzhou
1762806437,n293,70383,2,3,53987,China/Shanghai-Shanghai
1759649542,s906,70671,2,1,60003,China/Zhejiang-Wenzhou
1763158092,s907,70792,2,1,60038,China/Sichuan-Chengdu
1760570022,k680,70923,2,1,60020,China/Zhejiang-Wenzhou
1761235073,v813,71056,2,1,60074,China/Zhejiang-Wenzhou
1763308973,w836,71086,2,1,60023,China/Jiangsu-Suzhou
1762787378,k346,71187,2,1,60033,China/Sichuan-Chengdu
1759672417,q656,71293,2,1,60071,China/Jiangsu-Suzhou
1764596538,m867,71379,2,1,60046,China/Shanghai-Shanghai
1763032668,x255,71423,1,1,60079,China/Zhejiang-Wenzhou
1762705684,e852,71662,2,1,60035,China/Zhejiang-Wenzhou
1762260146,l997,71854,2,3,60068,China/Shanghai-Shanghai
1763208440,z777,71868,2,3,53987,China/Shanghai-Shanghai
1759279111,w733,71918,2,1,60071,China/Jiangsu-Suzhou
1762309495,z463,71920,2,3,60007,China/Shanghai-Shanghai
1759570336,r992,71936,2,1,60046,China/Zhejiang-Wenzhou
1763546169,i443,72084,2,1,60007,China/Jiangsu-Suzhou
1763010672,f655,72122,2,1,60062,China/Shanghai-Shanghai
1762347752,d580,72156,2,1,60013,China/Shanghai-Shanghai
1763967387,i155,72308,1,1,60042,China/Guangdong-Shenzhen
1763471825,v677,72367,2,1,60059,China/Zhejiang-Wenzhou
1759330114,h544,72379,2,1,60006,China/Sichuan-Chengdu
1761740110,n987,72452,2,1,60039,China/Guangdong-Shenzhen
1763712049,k468,72510,2,1,60078,China/Zhejiang-Wenzhou
1763202573,e186,72670,2,1,60025,China/Zhejiang-Wenzhou
1762587410,r652,72739,2,3,60073,China/Shanghai-Shanghai
1760040735,h406,72780,2,1,60049,China/Shanghai-Shanghai
1765958304,q601,72975,2,1,60033,China/Sichuan-Chengdu
1762020843,l175,72995,2,1,60066,China/Jiangsu-Suzhou
1764608694,j252,73029,2,1,60061,China/Beijing-Beijing
1761060855,m250,73097,2,1,60019,China/Zhejiang-Wenzhou
1763811667,s389,73216,2,1,60062,China/Sichuan-Chengdu
1763549814,k643,73251,2,1,60029,China/Shanghai-Shanghai
1761088297,u238,73376,1,1,60008,China/Guangdong-Shenzhen
1762871769,c205,73478,2,1,60033,China/Jiangsu-Suzhou
1762619495,g116,73601,2,3,53987,China/Shanghai-Shanghai
1762577047,k138,73671,2,1,60064,China/Sichuan-Chengdu
1765882372,b926,73774,2,1,60010,China/Zhejiang-Wenzhou
1762778032,c148,73922,2,2,60041,China/Guangdong-Shenzhen
1764731562,q102,74010,2,1,60052,China/Beijing-Beijing
1762656118,z322,74245,2,1,60029,China/Guangdong-Shenzhen
1766372294,w734,74286,2,1,60016,China/Zhejiang-Wenzhou
1762663749,h365,74640,2,3,53987,China/Shanghai-Shanghai
1759668081,p214,74651,2,1,60074,China/Zhejiang-Wenzhou
1763990117,o152,74690,2,1,60028,China/Sichuan-Chengdu
1761548419,c232,74834,2,1,60058,China/Guangdong-Shenzhen
1762671257,l709,74994,1,3,60002,China/Shanghai-Shanghai
1762907138,m572,75143,2,3,53987,China/Shanghai-Shanghai
1762947817,c599,75158,2,3,53987,China/Shanghai-Shanghai
1764957639,l632,75243,2,1,60008,China/Guangdong-Shenzhen
1761170772,r751,75437,2,4,60034,China/Jiangsu-Suzhou
1761448723,c576,75744,2,1,60032,China/Sichuan-Chengdu
1762845128,c945,75866,2,3,53987,China/Guangdong-Shenzhen
1762718883,c668,76002,2,3,53987,China/Shanghai-Shanghai
1764675427,x313,76012,3,1,60027,China/Zhejiang-Wenzhou
1765041425,t896,76027,2,4,60018,China/Sichuan-Chengdu
1760179019,d403,76266,2,1,60034,China/Zhejiang-Wenzhou
1762943302,d937,76273,2,4,60017,China/Shanghai-Shanghai
1762675613,u899,76415,2,3,53987,China/Zhejiang-Wenzhou
1765357560,l629,76516,3,1,60079,China/Zhejiang-Wenzhou
1764695526,r296,76539,2,4,60067,China/Zhejiang-Wenzhou
1761430875,n781,76554,2,1,60046,China/Shanghai-Shanghai
1764864793,z164,76587,2,1,60053,China/Sichuan-Chengdu
1762824271,c212,76885,2,3,60034,China/Shanghai-Shanghai
1765474161,u943,77014,2,3,60041,China/Zhejiang-Wenzhou
1760645708,g319,77098,2,1,60038,China/Sichuan-Chengdu
1764661383,h853,77099,3,1,60020,China/Zhejiang-Wenzhou
1763460937,w760,77423,2,4,60062,China/Shanghai-Shanghai
1762833977,c855,77580,2,4,53987,China/Shanghai-Shanghai
1762995931,e368,77625,2,3,53987,China/Shanghai-Shanghai
1761043633,a627,77786,2,1,60040,China/Beijing-Beijing
1762734165,h748,77797,2,3,53987,China/Shanghai-Shanghai
1760820963,x986,77877,2,1,60031,China/Shanghai-Shanghai
1763580810,r795,78402,2,1,60075,China/Zhejiang-Wenzhou
1762708709,x762,78606,1,4,53987,China/Shanghai-Shanghai
1762465958,w447,78739,2,1,60052,China/Beijing-Beijing
1765295916,g507,78878,4,1,60025,China/Sichuan-Chengdu
1762163779,r624,78882,2,3,60064,China/Sichuan-Chengdu
1761973436,d312,78915,2,2,60041,China/Jiangsu-Suzhou
1762681174,i823,78951,2,3,60052,China/Shanghai-Shanghai
1762749008,c345,79066,2,1,60051,China/Beijing-Beijing
1763971691,v701,79100,2,1,60058,China/Beijing-Beijing
1764011053,a534,79104,2,1,60016,China/Shanghai-Shanghai
1761087645,e171,79240,2,2,60057,China/Beijing-Beijing
1764658296,n679,79304,2,1,60070,China/Beijing-Beijing
1763113940,c635,79327,2,1,60053,China/Guangdong-Shenzhen
1764002012,g199,79397,2,1,60059,China/Zhejiang-Wenzhou
1765197536,d130,79627,2,2,60045,China/Guangdong-Shenzhen
1766872309,l882,79732,2,1,60049,China/Guangdong-Shenzhen
1759823878,t730,79799,2,1,60025,China/Shanghai-Shanghai
1761561360,g305,79832,2,2,60003,China/Zhejiang-Wenzhou
1764713830,y171,79928,3,1,60048,China/Beijing-Beijing
1759903325,g191,80005,2,3,60017,China/Guangdong-Shenzhen
1766397958,i934,80007,2,1,60076,China/Jiangsu-Suzhou
1762820115,v114,80026,2,1,60061,China/Jiangsu-Suzhou
1761613299,h392,80029,2,3,60050,China/Jiangsu-Suzhou
1761783259,z897,80053,2,1,60040,China/Jiangsu-Suzhou
1761920307,s769,80201,4,1,60006,China/Beijing-Beijing
1760279113,j305,80446,2,1,60035,China/Zhejiang-Wenzhou
1759419200,o104,80467,4,2,60078,China/Sichuan-Chengdu
1765771751,n705,80529,2,1,60078,China/Sichuan-Chengdu
1763182578,i211,80939,2,3,53987,China/Shanghai-Shanghai
1759970213,w668,80950,2,1,60057,China/Zhejiang-Wenzhou
1762710375,x212,81041,2,3,60042,China/Shanghai-Shanghai
1761010084,e674,81059,2,1,60013,China/Beijing-Beijing
1762762079,v133,81129,2,3,53987,China/Shanghai-Shanghai
1766475730,b476,81132,2,1,60003,China/Shanghai-Shanghai
1764034225,f775,81142,2,1,60032,China/Sichuan-Chengdu
1761060896,e208,81159,2,1,60030,China/Guangdong-Shenzhen
1764964204,g392,81170,2,2,60022,China/Guangdong-Shenzhen
1764489745,o251,81184,2,1,60061,China/Sichuan-Chengdu
1764578680,m664,81234,2,1,60011,China/Beijing-Beijing
1764578144,s344,81363,2,1,60004,China/Shanghai-Shanghai
1759370272,b505,81366,2,2,60018,China/Sichuan-Chengdu
1763216422,v970,81403,2,3,53987,China/Shanghai-Shanghai
1763933654,k301,81633,2,1,60030,China/Zhejiang-Wenzhou
1761012964,k187,81639,2,1,60079,China/Guangdong-Shenzhen
1765264832,u111,81744,2,1,60011,China/Guangdong-Shenzhen
1762842268,m793,81760,2,1,60052,China/Sichuan-Chengdu
1761266524,r332,81950,2,1,60019,China/Beijing-Beijing
1765507377,t917,82029,2,1,60069,China/Sichuan-Chengdu
1764481200,l605,82086,2,1,60022,China/Beijing-Beijing
1763632578,f625,82149,2,1,60053,China/Jiangsu-Suzhou
1764037311,a252,82174,4,1,60055,China/Shanghai-Shanghai
1762931081,o285,82205,2,1,60030,China/Shanghai-Shanghai
1763015823,l510,82210,2,3,53987,China/Shanghai-Shanghai
1763021657,j784,82221,2,1,60052,China/Zhejiang-Wenzhou
1764286825,p357,82250,2,1,60047,China/Guangdong-Shenzhen
1761609466,b904,82331,1,2,60019,China/Beijing-Beijing
1762362019,n368,82361,2,1,60008,China/Zhejiang-Wenzhou
1766473594,x597,82448,3,1,60037,China/Zhejiang-Wenzhou
1763102216,o997,82496,2,1,60052,China/Beijing-Beijing
1762352774,c465,82641,2,1,60056,China/Guangdong-Shenzhen
1764127548,i314,82662,2,1,60047,China/Zhejiang-Wenzhou
1762075567,o804,82703,2,2,60068,China/Zhejiang-Wenzhou
1762840505,v321,82798,3,3,53987,China/Shanghai-Shanghai
1762387035,b677,82849,2,1,0,China/Jiangsu-Suzhou
1762954444,a644,82988,2,3,60066,China/Shanghai-Shanghai
1762643908,n908,83031,2,4,60034,China/Shanghai-Shanghai
1759773534,x703,83047,4,1,60067,China/Guangdong-Shenzhen
1764329463,l171,83056,2,2,60031,China/Zhejiang-Wenzhou
1760920164,r712,83157,2,1,60006,China/Zhejiang-Wenzhou
1763315409,n409,83236,2,1,60077,China/Sichuan-Chengdu
1760112484,l878,83350,2,1,60037,China/Sichuan-Chengdu
1762810931,e120,83646,2,4,60017,China/Guangdong-Shenzhen
1759592205,w986,83675,2,4,60080,China/Shanghai-Shanghai
1759815718,j685,83719,2,3,60005,China/Jiangsu-Suzhou
1760769578,p955,83726,2,1,60049,China/Sichuan-Chengdu
1762784786,r468,84117,2,4,60001,China/Zhejiang-Wenzhou
1761900356,t513,84141,1,1,60079,China/Jiangsu-Suzhou
1762830490,l477,84235,2,1,60029,China/Jiangsu-Suzhou
1759694240,h738,84313,2,1,60014,China/Jiangsu-Suzhou
1760107927,m259,84430,2,1,60023,China/Guangdong-Shenzhen
1763904563,g771,84623,2,1,60068,China/Jiangsu-Suzhou
1763706960,q824,84642,2,1,60022,China/Beijing-Beijing
1763045453,h705,84780,2,3,60026,China/Shanghai-Shanghai
1762604819,s517,84790,3,2,60042,China/Guangdong-Shenzhen
1762676297,n438,84986,2,3,53987,China/Shanghai-Shanghai
1761097388,w398,84998,1,1,60014,China/Beijing-Beijing
1762901950,e137,85000,2,3,53987,China/Sichuan-Chengdu
1763844377,i678,85017,2,1,60062,China/Sichuan-Chengdu
1764581629,w562,85251,2,1,60008,China/Zhejiang-Wenzhou
1762323846,t263,85274,2,2,60043,China/Sichuan-Chengdu
1764320442,o472,85298,2,1,60034,China/Guangdong-Shenzhen
1759532964,x513,85306,4,1,60037,China/Beijing-Beijing
1762912757,t578,85349,2,1,60064,China/Beijing-Beijing
1761807946,w293,85358,2,1,60058,China/Beijing-Beijing
1765493816,h163,85370,2,1,60054,China/Shanghai-Shanghai
1759749364,b508,85542,2,1,60025,China/Jiangsu-Suzhou
1759318440,u773,85653,2,1,60039,China/Beijing-Beijing
1761753979,d477,85681,2,1,60052,China/Shanghai-Shanghai
1763629965,n960,85700,2,1,60064,China/Shanghai-Shanghai
1762700772,a569,85752,2,2,60006,China/Zhejiang-Wenzhou
1761399691,v227,85833,3,1,60047,China/Shanghai-Shanghai
1762514662,a319,85834,2,2,60045,China/Shanghai-Shanghai
1766037080,r783,86002,2,1,60076,China/Zhejiang-Wenzhou
1760703518,l836,86018,2,2,60037,China/Shanghai-Shanghai
1760896363,l516,86131,2,1,60048,China/Zhejiang-Wenzhou
1762284331,s239,86216,2,2,60054,China/Sichuan-Chengdu
1761022920,h306,86351,1,1,60012,China/Jiangsu-Suzhou
1760257012,x550,86393,2,1,60026,China/Beijing-Beijing
1761926063,g468,86435,2,1,60036,China/Shanghai-Shanghai
1762485161,g252,86532,2,3,53987,China/Shanghai-Shanghai
1765964560,b929,86618,2,1,60016,China/Zhejiang-Wenzhou
1763993486,w696,86687,2,2,60014,China/Sichuan-Chengdu
1762119313,j181,86958,2,1,60043,China/Zhejiang-Wenzhou
1762577354,e160,87137,2,3,53987,China/Shanghai-Shanghai
1764502675,g202,87175,2,1,60019,China/Guangdong-Shenzhen
1764960073,n230,87190,2,1,60039,China/Shanghai-Shanghai
1762941677,x462,87220,2,1,60079,China/Shanghai-Shanghai
1762594414,r517,87309,2,1,60073,China/Shanghai-Shanghai
1763450374,p940,87612,2,1,60073,China/Shanghai-Shanghai
1762578093,u153,87680,2,3,60004,China/Shanghai-Shanghai
1764599484,v624,87775,2,1,60064,China/Zhejiang-Wenzhou
1762693775,o161,87859,2,2,60059,China/Jiangsu-Suzhou
1765177041,k532,88009,2,1,60078,China/Zhejiang-Wenzhou
1760272153,w290,88067,2,1,60075,China/Zhejiang-Wenzhou
1762174449,v707,88130,3,1,60029,China/Beijing-Beijing
1763618446,h883,88238,4,1,60051,China/Guangdong-Shenzhen
1763021601,q327,88309,2,4,53987,China/Shanghai-Shanghai
1762618373,i370,88442,2,3,53987,China/Shanghai-Shanghai
1761439741,v774,88455,2,1,60011,China/Zhejiang-Wenzhou
1762406159,c154,88472,2,1,60073,China/Shanghai-Shanghai
1763515318,z557,88514,2,1,60072,China/Shanghai-Shanghai
1760179369,w847,88584,2,1,60058,China/Beijing-Beijing
1760465335,w705,88653,4,1,60060,China/Jiangsu-Suzhou
1761449786,g129,88695,4,2,60027,China/Shanghai-Shanghai
1764456942,r207,88727,2,1,60063,China/Beijing-Beijing
1762022033,b491,88781,2,1,60040,China/Sichuan-Chengdu
1760051374,o274,88926,2,1,60018,China/Jiangsu-Suzhou
1763367373,w358,88962,2,1,60005,China/Shanghai-Shanghai
1762785590,d670,88992,2,3,53987,China/Shanghai-Shanghai
1763019386,o357,89009,3,1,60015,China/Zhejiang-Wenzhou
1759633570,i278,89085,2,1,60018,China/Beijing-Beijing
1763279814,q777,89096,2,2,60035,China/Guangdong-Shenzhen
1762118425,w817,89106,2,3,60026,China/Shanghai-Shanghai
1763839204,k398,89235,2,1,60065,China/Zhejiang-Wenzhou
1763188601,t674,89237,2,3,60056,China/Shanghai-Shanghai
1765828680,t144,89406,2,1,60019,China/Guangdong-Shenzhen
1761435622,q658,89511,2,1,60053,China/Shanghai-Shanghai
1761873964,o224,89748,2,1,60003,China/Beijing-Beijing
1760542382,a952,89877,2,1,60015,China/Beijing-Beijing
1761278085,c942,89921,2,4,60068,China/Sichuan-Chengdu
1766781390,c883,51779,2,2,60058,China/Guangdong-Shenzhen
1764970014,v521,24129,2,1,60050,China/Jiangsu-Suzhou
1763024810,r444,47310,2,1,60024,China/Zhejiang-Wenzhou
1767051484,k535,16012,2,1,60064,China/Zhejiang-Wenzhou
1766918682,n858,25324,2,2,60024,China/Jiangsu-Suzhou
1763879058,y942,60210,2,1,60022,China/Guangdong-Shenzhen
1766014086,p272,70390,2,1,60039,China/Guangdong-Shenzhen
1762460802,p787,56173,2,1,60040,China/Sichuan-Chengdu
1762024489,c337,48424,2,1,60045,China/Zhejiang-Wenzhou
1764689597,g901,57698,2,2,60052,China/Shanghai-Shanghai
1765227657,v345,49157,2,1,60021,China/Zhejiang-Wenzhou
1764210358,q941,39775,1,1,60025,China/Shanghai-Shanghai
1763453875,d196,34303,4,2,60040,China/Beijing-Beijing
1766428453,t854,89373,2,1,60002,China/Guangdong-Shenzhen
1766073430,b376,65554,2,1,60059,China/Shanghai-Shanghai
1761345032,w242,75403,2,1,60027,China/Sichuan-Chengdu
1759779488,b200,46761,1,1,60078,China/Sichuan-Chengdu
1764513393,a997,86732,2,2,60057,China/Beijing-Beijing
1761552242,l274,39987,2,1,60034,China/Shanghai-Shanghai
1760059493,a193,69900,2,1,60039,China/Sichuan-Chengdu
1760460934,a119,83849,1,1,60052,China/Sichuan-Chengdu
1766607844,v338,48788,2,1,60049,China/Zhejiang-Wenzhou
1762650590,l735,89928,2,1,60005,China/Shanghai-Shanghai
1765428685,o186,79753,2,1,0,China/Jiangsu-Suzhou
1762442787,v844,77668,2,1,60052,China/Guangdong-Shenzhen
1765108173,a106,83892,2,1,60031,China/Guangdong-Shenzhen
1762328181,b619,82243,2,1,60019,China/Beijing-Beijing
1762073765,b299,54681,2,1,60044,China/Zhejiang-Wenzhou
1761634754,j520,88220,2,1,60040,China/Guangdong-Shenzhen
1765952317,b216,52826,2,1,60061,China/Guangdong-Shenzhen
1762055909,g325,26717,2,1,60049,China/Beijing-Beijing
1766070442,a429,17184,2,1,60080,China/Shanghai-Shanghai
1760106787,v676,36070,2,1,60008,China/Zhejiang-Wenzhou
1763695074,a876,65275,2,1,60056,China/Sichuan-Chengdu
1764447987,s456,47260,1,1,60017,China/Shanghai-Shanghai
1761902409,o624,25534,2,1,60013,China/Zhejiang-Wenzhou
1764666637,b249,85663,1,2,60057,China/Sichuan-Chengdu
1763422465,f759,18694,2,1,60077,China/Jiangsu-Suzhou
1763946043,v481,30094,2,1,60057,China/Guangdong-Shenzhen
1766643507,p450,34888,2,3,60016,China/Shanghai-Shanghai
1762237244,f157,46867,2,1,60052,China/Guangdong-Shenzhen
1762570438,d808,24158,3,1,60001,China/Sichuan-Chengdu
1761726982,w558,79406,2,3,0,China/Jiangsu-Suzhou
1762994215,q612,75909,2,1,60012,China/Shanghai-Shanghai
1765506394,x691,13705,2,1,60009,China/Jiangsu-Suzhou
1759971297,m669,67617,2,1,60054,China/Guangdong-Shenzhen
1761782261,f954,43399,2,3,60016,China/Sichuan-Chengdu
1760106970,x291,60274,2,4,60046,China/Jiangsu-Suzhou
1763575585,w796,32744,2,1,60008,China/Guangdong-Shenzhen
1760574893,i339,46429,2,1,60014,China/Shanghai-Shanghai
1760139226,t319,43730,2,1,60046,China/Guangdong-Shenzhen
1761052292,b907,54972,2,1,60021,China/Jiangsu-Suzhou
1761615864,i709,73487,4,1,60080,China/Beijing-Beijing
1761128928,b158,32749,2,3,60079,China/Zhejiang-Wenzhou
1762260848,w788,40859,2,1,60048,China/Sichuan-Chengdu
1764108331,y705,38915,2,1,60067,China/Sichuan-Chengdu
1759863759,h864,46147,2,1,60017,China/Guangdong-Shenzhen
1762248044,q333,81873,2,1,60068,China/Sichuan-Chengdu
1762362894,e559,83064,2,1,60051,China/Sichuan-Chengdu
1764006782,v666,81962,2,1,60039,China/Beijing-Beijing
1760566655,o860,51221,2,1,60038,China/Sichuan-Chengdu
1762693198,j583,35947,2,1,60078,China/Guangdong-Shenzhen
1760284220,g260,40131,2,1,60051,China/Jiangsu-Suzhou
1761495122,m938,23186,2,1,60047,China/Beijing-Beijing
1761788452,i475,22287,2,4,60048,China/Guangdong-Shenzhen
1761074986,x584,76778,2,1,60010,China/Jiangsu-Suzhou
1763790472,r975,13305,2,1,60062,China/Jiangsu-Suzhou
1761468955,n572,77051,1,1,60003,China/Zhejiang-Wenzhou
1766699968,o978,18910,2,1,60028,China/Beijing-Beijing
1765444743,h905,16221,2,1,60025,China/Sichuan-Chengdu
1760391537,e653,53445,2,1,60001,China/Sichuan-Chengdu
1762657931,n113,66909,2,1,60074,China/Guangdong-Shenzhen
1765298705,t636,88598,2,1,60071,China/Jiangsu-Suzhou
1760933164,i827,33646,2,1,60050,China/Shanghai-Shanghai
1762137854,y973,85888,2,1,60031,China/Guangdong-Shenzhen
1763185533,a780,59811,2,1,60064,China/Shanghai-Shanghai
1760638044,h334,61816,2,1,60034,China/Guangdong-Shenzhen
1762952024,f714,87436,2,1,60025,China/Guangdong-Shenzhen
1761326146,w897,75924,2,1,60002,China/Jiangsu-Suzhou
1762721772,p590,65711,2,1,60060,China/Guangdong-Shenzhen
1760832343,p885,58303,2,2,60040,China/Guangdong-Shenzhen
1760257458,k160,22383,2,1,60075,China/Guangdong-Shenzhen
1759686899,h516,30342,2,1,60014,China/Jiangsu-Suzhou
1763951065,g112,33058,2,1,60049,China/Shanghai-Shanghai
1761533390,s483,16384,2,1,60076,China/Sichuan-Chengdu
1764761783,d571,55279,2,4,60069,China/Zhejiang-Wenzhou
1764027992,k272,69531,2,3,60022,China/Sichuan-Chengdu
1765573977,e472,23699,2,1,60074,China/Jiangsu-Suzhou
1761133592,e616,23522,2,1,60047,China/Sichuan-Chengdu
1764094735,d727,14673,2,4,60067,China/Zhejiang-Wenzhou
1760257959,e968,49164,2,4,60076,China/Guangdong-Shenzhen
1763545164,j875,60650,2,1,60054,China/Sichuan-Chengdu
1764052563,e644,75759,2,1,60052,China/Beijing-Beijing
1761832055,q825,28084,4,1,60058,China/Sichuan-Chengdu
1761073944,r824,67703,2,4,60060,China/Zhejiang-Wenzhou
1762648354,d221,23666,2,1,60017,China/Sichuan-Chengdu
1759746763,l288,43986,2,1,60027,China/Zhejiang-Wenzhou
1766429910,e996,88131,2,1,60067,China/Zhejiang-Wenzhou
1759841882,k636,89240,2,1,60016,China/Sichuan-Chengdu
1761194088,y444,33763,2,1,60018,China/Zhejiang-Wenzhou
1763137807,z539,21878,2,1,60072,China/Shanghai-Shanghai
1764720825,h155,26368,2,1,60066,China/Beijing-Beijing
1765757505,y877,61675,2,1,60027,China/Shanghai-Shanghai
1763630666,a994,20075,2,1,60057,China/Shanghai-Shanghai
1767077118,p854,37505,2,1,60059,China/Beijing-Beijing
1760286429,u776,78412,2,1,60042,China/Sichuan-Chengdu
1761033985,u350,29623,2,3,60054,China/Jiangsu-Suzhou
1765668386,t450,64772,2,1,60036,China/Guangdong-Shenzhen
1766273395,g775,88046,2,1,60055,China/Beijing-Beijing
1765254504,k763,50413,2,1,60028,China/Shanghai-Shanghai
1765143055,s220,37598,2,1,60029,China/Zhejiang-Wenzhou
1766736140,d319,45904,2,1,60072,China/Zhejiang-Wenzhou
1760106530,x958,27961,4,1,60044,China/Shanghai-Shanghai
1760130010,f303,34203,2,4,60040,China/Shanghai-Shanghai
1766210607,a583,42397,2,1,60066,China/Zhejiang-Wenzhou
1759901967,b651,77195,1,1,60002,China/Jiangsu-Suzhou
1765033933,v746,63651,2,2,60063,China/Jiangsu-Suzhou
1760486160,z809,71102,2,1,60077,China/Sichuan-Chengdu
1760018282,j929,26083,2,1,60038,China/Beijing-Beijing
1760383519,x542,48658,4,2,60059,China/Jiangsu-Suzhou
1762625533,e394,70382,2,1,60037,China/Zhejiang-Wenzhou
1761278821,q415,30243,2,1,60058,China/Jiangsu-Suzhou
1761595368,e575,15351,2,2,60063,China/Guangdong-Shenzhen
1760142363,r754,57874,2,4,60056,China/Shanghai-Shanghai
1761961373,j470,11454,4,1,60036,China/Guangdong-Shenzhen
1762743228,k592,41618,2,1,60044,China/Jiangsu-Suzhou
1761372992,g672,83656,2,1,60064,China/Jiangsu-Suzhou
1764137480,b347,68340,1,3,60059,China/Jiangsu-Suzhou
1762337443,s764,72657,2,1,60007,China/Jiangsu-Suzhou
1764077982,i336,34084,4,1,60041,China/Sichuan-Chengdu
1764444870,i502,70505,2,1,60080,China/Beijing-Beijing
1764800939,k524,76642,2,2,60047,China/Jiangsu-Suzhou
1766864590,w729,14221,2,1,60003,China/Jiangsu-Suzhou
1761002840,n256,81771,2,1,60005,China/Guangdong-Shenzhen
1763196095,q127,37998,2,1,60067,China/Shanghai-Shanghai
1761739231,c420,50568,2,2,60063,China/Sichuan-Chengdu
1766776258,c260,78584,2,1,60003,China/Sichuan-Chengdu
1766763981,z522,78366,2,1,60053,China/Jiangsu-Suzhou
1761759408,g271,28731,2,1,60037,China/Shanghai-Shanghai
1764527047,v252,12477,4,1,60056,China/Sichuan-Chengdu
1759897413,y612,17950,2,1,60048,China/Zhejiang-Wenzhou
1764629681,a743,85874,4,1,60066,China/Sichuan-Chengdu
1764596322,r381,65888,2,1,60073,China/Shanghai-Shanghai
1759412173,h678,74356,2,1,60033,China/Zhejiang-Wenzhou
1764230949,x641,24373,2,1,60035,China/Sichuan-Chengdu
1761541187,d976,14735,2,1,60075,China/Guangdong-Shenzhen
1759934224,a199,72605,2,1,60046,China/Shanghai-Shanghai
1761152927,c188,40670,2,4,60026,China/Zhejiang-Wenzhou
1760396168,y209,53939,2,1,60051,China/Sichuan-Chengdu
1761790684,t598,19552,2,1,60037,China/Zhejiang-Wenzhou
1759396432,q940,29614,2,1,60056,China/Shanghai-Shanghai
1760274766,z639,76952,4,1,60054,China/Zhejiang-Wenzhou
1761239193,d948,14515,2,1,60022,China/Guangdong-Shenzhen
1760664108,r135,42326,2,1,60031,China/Beijing-Beijing
1766963813,t693,84402,2,1,0,China/Jiangsu-Suzhou
1761821987,d631,45853,2,2,60021,China/Jiangsu-Suzhou
1763646782,w779,36749,2,4,60041,China/Zhejiang-Wenzhou
1766142589,r708,32210,2,1,60004,China/Zhejiang-Wenzhou
1767031581,i236,24325,2,1,60049,China/Jiangsu-Suzhou
1765202353,n867,33119,1,1,60054,China/Beijing-Beijing
1761501401,b940,51541,2,1,60015,China/Shanghai-Shanghai
1764311804,e909,38584,2,1,60063,China/Guangdong-Shenzhen
1763015296,x450,61511,2,2,60065,China/Jiangsu-Suzhou
1760559964,b648,32617,2,1,60053,China/Shanghai-Shanghai
1766872689,y351,26350,2,1,60080,China/Zhejiang-Wenzhou
1764820723,z500,73140,2,1,60017,China/Beijing-Beijing
1766715581,p829,41908,2,2,60027,China/Jiangsu-Suzhou
1763451652,c720,12138,2,1,60028,China/Shanghai-Shanghai
1765340466,l768,73761,4,1,60003,China/Sichuan-Chengdu
1764692828,f526,50635,2,1,60014,China/Zhejiang-Wenzhou
1764787057,g668,82801,2,1,60052,China/Jiangsu-Suzhou
1766894450,z663,41706,2,1,60005,China/Guangdong-Shenzhen
1765359723,i816,79776,2,3,60024,China/Zhejiang-Wenzhou
1761337641,j194,38517,2,2,60067,China/Sichuan-Chengdu
1763669572,j422,63318,2,1,60033,China/Beijing-Beijing
1759338815,m765,13773,2,3,60029,China/Beijing-Beijing
1763966948,u408,81136,2,1,60017,China/Sichuan-Chengdu
1766919020,c387,82733,3,4,60032,China/Beijing-Beijing
1763853813,w597,17529,2,1,60038,China/Beijing-Beijing
1760826040,d185,17416,2,4,60066,China/Jiangsu-Suzhou
1763312897,h235,60510,4,3,60078,China/Guangdong-Shenzhen
1766268446,s664,86774,2,2,60020,China/Beijing-Beijing
1766470292,r130,62597,2,1,60078,China/Beijing-Beijing
1760105183,g101,30014,4,2,60048,China/Zhejiang-Wenzhou
1762166349,p141,64469,2,1,60064,China/Guangdong-Shenzhen
1762004693,x610,67275,4,1,60047,China/Beijing-Beijing
1763446827,c206,39289,2,3,60025,China/Zhejiang-Wenzhou
1764176149,f227,52918,2,1,60018,China/Zhejiang-Wenzhou
1762821206,l684,16895,2,2,60047,China/Beijing-Beijing
1765101248,l995,29572,2,2,60011,China/Sichuan-Chengdu
1767183244,x447,88842,2,1,60020,China/Jiangsu-Suzhou
1759374907,k972,29058,2,1,60065,China/Guangdong-Shenzhen
1764416412,d310,76666,2,1,60001,China/Beijing-Beijing
1766837771,v648,66889,2,1,60037,China/Guangdong-Shenzhen
1761431191,l364,60527,2,1,60067,China/Zhejiang-Wenzhou
1766557864,w920,74289,2,1,60062,China/Guangdong-Shenzhen
1761562627,w238,10585,4,1,60031,China/Sichuan-Chengdu
1767060755,t151,70821,2,1,60058,China/Shanghai-Shanghai
1765315279,x341,48462,2,1,60039,China/Sichuan-Chengdu
1761968123,s691,52925,1,1,60062,China/Beijing-Beijing
